<application>
  <component name="FileTypeManager" version="18">
    <extensionMap>
      <mapping pattern="sshkey" type="AUTO_DETECTED" />
      <mapping pattern="_document.js" type="AUTO_DETECTED" />
      <mapping pattern="todo" type="AUTO_DETECTED" />
      <mapping pattern=".env" type="PLAIN_TEXT" />
      <mapping ext="bin" type="PLAIN_TEXT" />
      <mapping ext="conf" type="PLAIN_TEXT" />
      <mapping ext="gz" type="PLAIN_TEXT" />
      <removed_mapping ext="ignore" approved="true" type="IgnoreLang file" />
      <removed_mapping pattern=".env" approved="true" type=".env file" />
    </extensionMap>
  </component>
</application>