<application>
  <component name="ExportableFileTemplateSettings">
    <default_templates>
      <template name="[T] Selector - Folder.ts" file-name="${NAME}/${NAME}" reformat="false" live-template-enabled="false">
        <template name="[T] Selector - Folder.ts.child.0༏ext༏.test.ts" file-name="${NAME}/${NAME}" reformat="false" live-template-enabled="false" />
      </template>
      <template name="[T] Selector - Folder.ts.child.0༏ext༏.test.ts" file-name="${NAME}/${NAME}" reformat="false" live-template-enabled="false" />
      <template name="[T] Shared Component - Folder.tsx" file-name="${NAME}/${NAME}" reformat="false" live-template-enabled="true">
        <template name="[T] Shared Component - Folder.tsx.child.1༏ext༏.stories.tsx" file-name="${NAME}/${NAME}" reformat="false" live-template-enabled="false" />
        <template name="[T] Shared Component - Folder.tsx.child.0༏ext༏.module.scss" file-name="${NAME}/${NAME}" reformat="false" live-template-enabled="false" />
      </template>
      <template name="[T] Shared Component - Folder.tsx.child.0༏ext༏.module.scss" file-name="${NAME}/${NAME}" reformat="false" live-template-enabled="false" />
      <template name="[T] Shared Component - Folder.tsx.child.1༏ext༏.stories.tsx" file-name="${NAME}/${NAME}" reformat="false" live-template-enabled="false" />
    </default_templates>
  </component>
</application>